{"cameraMode":{"drawMode":0,"name":"Shaded","section":"Shading Mode"},"sceneLighting":false,"audioPlay":false,"sceneViewState":{"showFog":true,"showMaterialUpdate":false,"showSkybox":true,"showFlares":true,"showImageEffects":true,"showParticleSystems":true},"in2DMode":false,"pivot":{"x":0.0,"y":-0.000015676021575927734,"z":-0.023012638092041017},"rotation":{"x":0.010004719719290734,"y":0.9686450362205505,"z":-0.2450779378414154,"w":0.03954271227121353},"size":25.986316680908204,"orthographic":false}