{"cameraMode":{"drawMode":0,"name":"Shaded","section":"Shading Mode"},"sceneLighting":false,"audioPlay":false,"sceneViewState":{"showFog":true,"showMaterialUpdate":false,"showSkybox":true,"showFlares":true,"showImageEffects":true,"showParticleSystems":true},"in2DMode":false,"pivot":{"x":0.0,"y":-0.000014543533325195313,"z":-0.000002384185791015625},"rotation":{"x":0.010004719719290734,"y":0.9686450362205505,"z":-0.2450779378414154,"w":0.03954271227121353},"size":28.261974334716798,"orthographic":false}