{"cameraMode":{"drawMode":0,"name":"Shaded","section":"Shading Mode"},"sceneLighting":false,"audioPlay":false,"sceneViewState":{"showFog":true,"showMaterialUpdate":false,"showSkybox":true,"showFlares":true,"showImageEffects":true,"showParticleSystems":true},"in2DMode":false,"pivot":{"x":-4.76837158203125e-7,"y":-7.152557373046875e-7,"z":0.0},"rotation":{"x":0.010004719719290734,"y":0.9686450362205505,"z":-0.2450779378414154,"w":0.03954271227121353},"size":30.352441787719728,"orthographic":false}